Year,Average Pixel Value
2012,65.0405563094
2013,50.9598432926
2014,23.358813008
2015,3.46906646906
2016,97.7665783539
2017,150.322889433
2018,60.8646307918
