Year,Average Pixel Value
2011,180.1543094
2012,65.04055631
2013,50.95984329
2014,23.35881301
2015,3.469066469
2016,97.76657835
2017,150.3228894
2018,40.38448148